en,ka,notes
# --- STYLE RULES (apply to every string) ---,,
RULE: register,,Formal/polite "თქვენ" forms; no slang or loanword colloquialisms (მესიჯი etc.)
RULE: buttons/menus,,"Buttons and menu items use the verbal noun (masdar): Save → შენახვა, not შეინახე"
RULE: capitalisation,,"Georgian has no capitals: English Title Case labels become plain text (""Last Updated on"" → ბოლო განახლების თარიღი)"
RULE: numerals,,"Noun after a number stays singular: ""%s records"" → %s ჩანაწერი. File has nplurals=1, so one form serves both singular and plural"
RULE: quotes,,"Use „…“ for quoted text in prose; keep ASCII quotes inside code, placeholders and attributes"
RULE: brand names,,"Odoo, Gmail, Outlook, Google, WhatsApp, QWeb, Python, JSON, XML, CSV, URL, API, IP, SMTP, IMAP, HTML, GIF, EDI stay untranslated"
RULE: ellipsis,,Keep a trailing "..." or "…" exactly as in the source
# --- GENERAL ACTIONS ---,,
Save,შენახვა,
Discard,გაუქმება,"Same as Cancel (user decision)"
Cancel,გაუქმება,
Delete,წაშლა,
Remove,ამოღება,"Removing an item from a list/relation without deleting the record"
Edit,რედაქტირება,
Create,შექმნა,
New,ახალი,
Add,დამატება,
Duplicate,დუბლირება,
Archive,დაარქივება,
Archived,დაარქივებული,
Unarchive,არქივიდან აღდგენა,
Export,ექსპორტი,
Import,იმპორტი,
Search,ძიება,
Search...,ძიება...,
Filter,ფილტრი,
Filters,ფილტრები,
Group By,დაჯგუფება,
Favorites,რჩეულები,
Apply,გამოყენება,
Confirm,დადასტურება,
Close,დახურვა,
Open,გახსნა,
Ok,კარგი,"Alt: OK (kept in Latin)"
Yes,დიახ,
No,არა,
Clear,გასუფთავება,
Reset,საწყისზე დაბრუნება,
Refresh,განახლება,
Reload,გადატვირთვა,
Upload,ატვირთვა,
Download,ჩამოტვირთვა,
Print,ბეჭდვა,
Preview,წინასწარი ნახვა,
Copy,კოპირება,
Copied,დაკოპირდა,
Paste,ჩასმა,
Undo,დაბრუნება,
Redo,გამეორება,
Share,გაზიარება,
Invite,მოწვევა,
Assign,მინიჭება,
Select,არჩევა,
Select all,ყველას მონიშვნა,
Send,გაგზავნა,
Send Now,ახლავე გაგზავნა,
Reply,პასუხი,
Forward,გადაგზავნა,
Install,დაყენება,
Uninstall,დეინსტალაცია,
Upgrade,განახლება,"Module upgrade"
Update,განახლება,
Activate,გააქტიურება,
Deactivate,დეაქტივაცია,
Change Password,პაროლის შეცვლა,
Log in,შესვლა,
Log out,გასვლა,
Sign up,რეგისტრაცია,
Next,შემდეგი,
Previous,წინა,
Back,უკან,
More,მეტი,
Show,ჩვენება,
Hide,დამალვა,
Loading...,იტვირთება...,
Unsaved changes,შეუნახავი ცვლილებები,
# --- STATES & TIME ---,,
Active,აქტიური,
Inactive,არააქტიური,
Done,შესრულებული,
Draft,დრაფტი,"Alt: მონახაზი"
Status,სტატუსი,
State,მდგომარეობა,"Record state. When the field is a country subdivision (res.country.state) use რეგიონი"
Today,დღეს,
Tomorrow,ხვალ,
Yesterday,გუშინ,
Overdue,ვადაგადაცილებული,
Planned,დაგეგმილი,
Deadline,ვადა,
Due Date,შესრულების ვადა,
Date,თარიღი,
Time,დრო,
Days,დღე,"After numerals singular (see RULE: numerals)"
Months,თვე,
Duration,ხანგრძლივობა,
Scheduled Date,დაგეგმილი თარიღი,
Created by,შემქმნელი,
Created on,შექმნის თარიღი,
Creation Date,შექმნის თარიღი,
Last Updated by,ბოლოს განაახლა,
Last Updated on,ბოლო განახლების თარიღი,
Timezone,სასაათო სარტყელი,
# --- COMMON FIELDS ---,,
ID,ID,
Name,სახელი,"Person/user name; for objects (models, templates, actions) use დასახელება"
Display Name,საჩვენებელი სახელი,
Description,აღწერა,
Type,ტიპი,
Category,კატეგორია,
Sequence,მიმდევრობა,
Priority,პრიორიტეტი,
Color,ფერი,
Image,სურათი,
Logo,ლოგო,
Avatar,ავატარი,
Icon,ხატულა,
Notes,შენიშვნები,
Note,შენიშვნა,
Tags,ტეგები,
Reference,მითითება,
Code,კოდი,
Value,მნიშვნელობა,
Default,ნაგულისხმევი,
Custom,მორგებული,
Other,სხვა,
All,ყველა,
None,არცერთი,
Unknown,უცნობი,
Unnamed,უსახელო,
Owner,მფლობელი,
Author,ავტორი,
Responsible,პასუხისმგებელი,
Assigned to,შემსრულებელი,
Summary,შეჯამება,
Details,დეტალები,
Information,ინფორმაცია,
Help,დახმარება,
Language,ენა,
Languages,ენები,
Currency,ვალუტა,
Currencies,ვალუტები,
File,ფაილი,
File Name,ფაილის სახელი,
Size,ზომა,
Format,ფორმატი,
Page,გვერდი,
Website,ვებგვერდი,
# --- CONTACTS / COMPANY ---,,
Contact,კონტაქტი,
Contacts,კონტაქტები,
Partner,პარტნიორი,
Partners,პარტნიორები,
Customer,კლიენტი,"Never მომხმარებელი (reserved for User)"
Vendor,მომწოდებელი,
Salesperson,გაყიდვების მენეჯერი,
Company,კომპანია,
Companies,კომპანიები,
Individual,ფიზიკური პირი,
Branch,ფილიალი,
Industry,ინდუსტრია,
Job Position,თანამდებობა,
Title,წოდება,"Partner title (Mr., Mrs.); for a heading/subject use სათაური"
Email,ელფოსტა,
Emails,ელფოსტა,
Phone,ტელეფონი,
Mobile,მობილური,
Address,მისამართი,
Street,ქუჩა,
Street 2,ქუჩა 2,
City,ქალაქი,
ZIP,საფოსტო ინდექსი,
Country,ქვეყანა,
Countries,ქვეყნები,
Country Group,ქვეყნების ჯგუფი,
Fed. State,რეგიონი,
Tax ID,საიდენტიფიკაციო კოდი,"Georgian company/person tax ID (ს/კ)"
VAT,დღგ,"Value added tax. When the label is the partner's VAT number, use საიდენტიფიკაციო კოდი"
Bank,ბანკი,
Banks,ბანკები,
Bank Account,საბანკო ანგარიში,
Bank Accounts,საბანკო ანგარიშები,
Account Holder,ანგარიშის მფლობელი,
# --- USERS & SECURITY ---,,
User,მომხმარებელი,
Users,მომხმარებლები,
Group,ჯგუფი,
Groups,ჯგუფები,
Role,როლი,
Roles,როლები,
Access Rights,წვდომის უფლებები,
Access Error,წვდომის შეცდომა,
Record Rules,ჩანაწერის წესები,
Administrator,ადმინისტრატორი,
Password,პაროლი,
Login,მომხმარებლის სახელი,"As a field label (res.users.login). As an action use შესვლა"
API Keys,API გასაღებები,
Security,უსაფრთხოება,
Two-factor Authentication,ორფაქტორიანი ავთენტიფიკაცია,
Session,სესია,
Portal,პორტალი,
Internal User,შიდა მომხმარებელი,
# --- TECHNICAL / BASE ---,,
Settings,პარამეტრები,
General Settings,ზოგადი პარამეტრები,
Advanced Settings,გაფართოებული პარამეტრები,
Configuration,კონფიგურაცია,
Technical,ტექნიკური,
Developer Mode,დეველოპერის რეჟიმი,
Apps,აპლიკაციები,
Module,მოდული,
Modules,მოდულები,
Installed,დაყენებული,
Not Installed,დაუყენებელი,
Dependencies,დამოკიდებულებები,
Model,მოდელი,
Models,მოდელები,
Field,ველი,
Fields,ველები,
Record,ჩანაწერი,
Records,ჩანაწერები,
View,ხედი,
Views,ხედები,
Action,მოქმედება,
Actions,მოქმედებები,
Server Action,სერვერის მოქმედება,
Scheduled Action,დაგეგმილი მოქმედება,
Menu,მენიუ,
Menus,მენიუები,
Report,ანგარიშგება,"User decision. ანგარიში is reserved for accounting Account"
Reporting,ანგარიშგება,
Template,შაბლონი,
Templates,შაბლონები,
Domain,დომენი,
Context,კონტექსტი,
External ID,გარე ID,
Database,მონაცემთა ბაზა,
Data,მონაცემები,
Translation,თარგმანი,
Translate,თარგმნა,
Properties,თვისებები,
Selection,არჩევანი,
Option,ვარიანტი,
Options,პარამეტრები,
Kanban,კანბანი,
List,სია,
Form,ფორმა,
Calendar,კალენდარი,
Pivot,პივოტი,
Graph,გრაფიკი,
Dashboard,დაფა,
Sequence Number,რიგითი ნომერი,
Error,შეცდომა,
Warning,გაფრთხილება,
Alert,ყურადღება,
Validation Error,ვალიდაციის შეცდომა,
User Error,მომხმარებლის შეცდომა,
Invalid,არასწორი,
Required,სავალდებულო,
Attachment,დანართი,
Attachments,დანართები,
# --- DISCUSS / MAIL ---,,
Discuss,დისკუსია,"App name (user decision)"
Message,შეტყობინება,
Messages,შეტყობინებები,
Notification,შეტყობინება,"Same as Message (user decision); context disambiguates"
Notifications,შეტყობინებები,
Inbox,შემოსულები,
Starred,რჩეული,
History,ისტორია,
Channel,არხი,
Channels,არხები,
Chat,ჩატი,
Direct Messages,პირადი შეტყობინებები,
Conversation,საუბარი,
Thread,თემა,
Followers,გამომწერები,
Follow,გამოწერა,
Unfollow,გამოწერის გაუქმება,
Following,გამოწერილია,
Subscription,გამოწერა,
Member,წევრი,
Members,წევრები,
Guest,სტუმარი,
Online,ონლაინ,
Offline,ოფლაინ,
Away,გასულია,
Do Not Disturb,არ შემაწუხოთ,
Mention,მოხსენიება,
Reaction,რეაქცია,
Reactions,რეაქციები,
Pin,მიმაგრება,
Pinned Messages,მიმაგრებული შეტყობინებები,
Mark as Read,წაკითხულად მონიშვნა,
Mark Done,შესრულებულად მონიშვნა,
Send message,შეტყობინების გაგზავნა,
Log note,შენიშვნის ჩაწერა,
Compose Email,წერილის შედგენა,
Subject,თემა,
Body,ტექსტი,
Recipients,მიმღებები,
From,ვისგან,
To,ვის,
Cc,ასლი,
Email Template,ელფოსტის შაბლონი,
Outgoing Mail Server,გამავალი ფოსტის სერვერი,
Incoming Mail Server,შემომავალი ფოსტის სერვერი,
Alias,ფსევდონიმი,"Email alias"
Alias Domain,ფსევდონიმის დომენი,
Blacklist,შავი სია,
Bounce,დაბრუნებული წერილი,
Activity,აქტივობა,
Activities,აქტივობები,
Activity Type,აქტივობის ტიპი,
Schedule Activity,აქტივობის დაგეგმვა,
Next Activity,შემდეგი აქტივობა,
Activity Plans,აქტივობის გეგმები,
Plan,გეგმა,
Schedule,დაგეგმვა,
Call,ზარი,
Video,ვიდეო,
Camera,კამერა,
Microphone,მიკროფონი,
Mute,დადუმება,
Unmute,ხმის ჩართვა,
Share Screen,ეკრანის გაზიარება,
Meeting,შეხვედრა,
Poll,გამოკითხვა,
Emoji,ემოჯი,
Link Previews,ბმულის წინასწარი ნახვა,
# --- AMOUNT TO TEXT (currency units, singular) ---,,
Lari,ლარი,
Tetri,თეთრი,
Dollars,დოლარი,
Cents,ცენტი,
Euros,ევრო,
# --- ACCOUNTING (account, l10n_ge) ---,,
Account,ანგარიში,"Ledger account. Never use for Report (ანგარიშგება)"
Accounts,ანგარიშები,
Accounting,ბუღალტერია,"App/menu name; in prose ბუღალტრული აღრიცხვა"
Chart of Accounts,ანგარიშთა გეგმა,
Journal,ჟურნალი,
Journal Entry,საბუღალტრო გატარება,
Journal Entries,საბუღალტრო გატარებები,
Journal Item,გატარების სტრიქონი,
Journal Items,გატარების სტრიქონები,
Entry,გატარება,
Post,გატარება,"Action (post an entry)"
Posted,გატარებული,
Reset to Draft,დრაფტად დაბრუნება,
Debit,დებეტი,
Credit,კრედიტი,"Accounting side; Credit Limit = საკრედიტო ლიმიტი"
Balance,ნაშთი,"Account balance amount"
Balance Sheet,ბალანსი,
Profit and Loss,მოგება-ზარალი,
Invoice,ინვოისი,"Alt: ანგარიშ-ფაქტურა (official term; ინვოისი is standard in software)"
Invoices,ინვოისები,
Invoicing,ინვოისინგი,"App name, already used in upstream ka.po"
Bill,მომწოდებლის ინვოისი,"Vendor bill; short labels may use ინვოისი when context is clear"
Bills,მომწოდებლის ინვოისები,
Credit Note,კრედიტ-ნოტა,
Refund,თანხის დაბრუნება,
Payment,გადახდა,
Payments,გადახდები,
Payment Terms,გადახდის პირობები,
Payment Reference,გადახდის დანიშნულება,
Memo,დანიშნულება,
Due Date,გადახდის ვადა,"Overrides the general entry in accounting context"
Amount,თანხა,
Amount Due,გადასახდელი თანხა,
Untaxed Amount,თანხა გადასახადის გარეშე,
Subtotal,ქვეჯამი,
Total,სულ,
Quantity,რაოდენობა,
Unit Price,ერთეულის ფასი,
Product,პროდუქტი,
Discount,ფასდაკლება,
Receivable,მისაღები,
Account Receivable,მისაღები ანგარიში,
Payable,გადასახდელი,
Account Payable,გადასახდელი ანგარიში,
Tax,გადასახადი,
Taxes,გადასახადები,
Tax Group,გადასახადის ჯგუფი,
Tax Report,საგადასახადო ანგარიშგება,
Fiscal Position,ფისკალური პოზიცია,
Fiscal Year,საანგარიშო წელი,
Lock Date,დახურვის თარიღი,
Reconcile,შეჯერება,
Reconciliation,შეჯერება,
Reconciled,შეჯერებული,
Bank Statement,საბანკო ამონაწერი,
Bank Transaction,საბანკო ტრანზაქცია,
Suspense Account,გარდამავალი ანგარიში,
Outstanding,დაუფარავი,
Write-off,ჩამოწერა,
Currency Rate,ვალუტის კურსი,
Exchange Difference,საკურსო სხვაობა,
Analytic Account,ანალიტიკური ანგარიში,
Analytic Distribution,ანალიტიკური განაწილება,
Asset,აქტივი,
Assets,აქტივები,
Liability,ვალდებულება,
Liabilities,ვალდებულებები,
Equity,კაპიტალი,
Income,შემოსავალი,
Expense,ხარჯი,
Expenses,ხარჯები,
Revenue,ამონაგები,
Cost of Revenue,რეალიზებული პროდუქციის თვითღირებულება,
Depreciation,ცვეთა,
Accrual,დარიცხვა,
Cash,ნაღდი ფული,"Journal type/menu: სალარო when it means the cash journal"
Cash Basis,საკასო მეთოდი,
Cash Rounding,ნაღდი ფულის დამრგვალება,
General Ledger,მთავარი წიგნი,
Partner Ledger,პარტნიორების ანგარიშსწორების უწყისი,
Trial Balance,საცდელი ბალანსი,
Aged Receivable,მისაღები ანგარიშების ხანდაზმულობა,
Aged Payable,გადასახდელი ანგარიშების ხანდაზმულობა,
Audit Trail,აუდიტის კვალი,
Proforma,პროფორმა,
E-invoicing,ელექტრონული ინვოისი,
Incoterm,ინკოტერმი,
Sales,გაყიდვები,
Purchase,შესყიდვა,
Purchases,შესყიდვები,
Vendor Bills,მომწოდებლის ინვოისები,
Customer Invoices,კლიენტის ინვოისები,
